instance_id,tree_type,area_pixels,bbox_x,bbox_y,bbox_x2,bbox_y2,bbox_width,bbox_height,centroid_x,centroid_y
1,Tree - jenis belum teridentifikasi,189,484,8,501,24,18,17,493.58,17.01
2,Tree - jenis belum teridentifikasi,243,712,6,740,37,29,32,726.72,21.12
3,Tree - jenis belum teridentifikasi,191,373,11,400,32,28,22,388.02,20.35
4,Tree - jenis belum teridentifikasi,671,536,12,557,84,22,73,547.15,49.76
5,Tree - jenis belum teridentifikasi,170,333,19,350,35,18,17,341.78,26.95
6,Tree - jenis belum teridentifikasi,352,1061,4,1093,34,33,31,1076.24,18.77
7,Tree - jenis belum teridentifikasi,795,1776,8,1798,79,23,72,1788.48,45.42
8,Tree - jenis belum teridentifikasi,129,1012,23,1024,41,13,19,1017.74,33.48
9,Tree - jenis belum teridentifikasi,144,1136,22,1147,45,12,24,1141.55,32.53
10,Tree - jenis belum teridentifikasi,779,1471,17,1522,60,52,44,1495.31,38.62
11,Tree - jenis belum teridentifikasi,526,562,27,597,57,36,31,577.59,42.09
12,Tree - jenis belum teridentifikasi,86,217,38,226,51,10,14,221.63,45.36
13,Tree - jenis belum teridentifikasi,325,1678,20,1693,59,16,40,1685.74,40.98
14,Tree - jenis belum teridentifikasi,236,343,35,366,64,24,30,355.05,49.74
15,Tree - jenis belum teridentifikasi,254,28,46,53,66,26,21,41.15,57.16
16,Tree - jenis belum teridentifikasi,113,932,57,950,70,19,14,941.81,62.96
17,Tree - jenis belum teridentifikasi,125,1538,60,1558,74,21,15,1547.21,65.1
18,Tree - jenis belum teridentifikasi,127,1053,51,1070,74,18,24,1062.36,62.6
19,Tree - jenis belum teridentifikasi,256,233,62,260,87,28,26,247.3,75.47
20,Tree - jenis belum teridentifikasi,803,556,61,598,105,43,45,571.21,82.58
21,Tree - jenis belum teridentifikasi,306,1687,62,1712,98,26,37,1696.72,81.86
22,Tree - jenis belum teridentifikasi,158,1776,77,1790,94,15,18,1783.12,86.66
23,Tree - jenis belum teridentifikasi,144,788,83,807,98,20,16,797.46,91.85
24,Tree - jenis belum teridentifikasi,397,2023,94,2035,141,13,48,2028.1,118.59
25,Tree - jenis belum teridentifikasi,106,644,106,666,115,23,10,656.58,110.66
26,Tree - jenis belum teridentifikasi,135,818,108,840,121,23,14,828.44,113.09
27,Tree - jenis belum teridentifikasi,131,1124,114,1136,127,13,14,1129.4,120.63
28,Tree - jenis belum teridentifikasi,279,529,110,557,137,29,28,540.73,121.66
29,Tree - jenis belum teridentifikasi,193,1705,103,1716,142,12,40,1710.44,126.67
30,Tree - jenis belum teridentifikasi,195,144,127,159,149,16,23,153.3,138.59
31,Tree - jenis belum teridentifikasi,557,391,108,436,151,46,44,413.93,130.48
32,Tree - jenis belum teridentifikasi,151,1576,132,1593,145,18,14,1584.56,139.26
33,Tree - jenis belum teridentifikasi,194,1908,142,1920,165,13,24,1913.52,151.71
34,Tree - jenis belum teridentifikasi,342,427,150,447,181,21,32,438.35,162.36
35,Tree - jenis belum teridentifikasi,398,771,138,812,177,42,40,791.26,160.54
36,Tree - jenis belum teridentifikasi,132,1688,163,1705,182,18,20,1695.98,171.7
37,Tree - jenis belum teridentifikasi,613,908,165,999,238,92,74,959.86,196.83
38,Tree - jenis belum teridentifikasi,438,173,169,199,204,27,36,187.58,184.27
39,Tree - jenis belum teridentifikasi,102,828,178,843,191,16,14,835.08,184.55
40,Tree - jenis belum teridentifikasi,345,2016,147,2029,198,14,52,2023.08,176.35
41,Tree - jenis belum teridentifikasi,191,1894,197,1921,228,28,32,1911.17,209.17
42,Tree - jenis belum teridentifikasi,539,786,195,826,227,41,33,805.87,212.28
43,Tree - jenis belum teridentifikasi,164,1367,220,1380,236,14,17,1374.46,226.99
44,Tree - jenis belum teridentifikasi,118,1279,219,1292,233,14,15,1286.39,225.6
45,Tree - jenis belum teridentifikasi,407,759,224,799,250,41,27,779.15,236.31
46,Tree - jenis belum teridentifikasi,125,368,230,382,247,15,18,375.41,238.78
47,Tree - jenis belum teridentifikasi,281,918,219,950,250,33,32,931.65,234.76
48,Tree - jenis belum teridentifikasi,196,1669,217,1680,251,12,35,1674.14,236.1
49,Tree - jenis belum teridentifikasi,105,812,245,827,260,16,16,819.03,252.23
50,Tree - jenis belum teridentifikasi,725,1990,239,2017,346,28,108,2004.29,287.45
51,Tree - jenis belum teridentifikasi,192,1911,229,1920,270,10,42,1916.11,251.52
52,Tree - jenis belum teridentifikasi,207,1384,253,1406,270,23,18,1396.5,261.61
53,Tree - jenis belum teridentifikasi,365,939,232,966,269,28,38,950.99,254.74
54,Tree - jenis belum teridentifikasi,2069,1853,214,1906,292,54,79,1877.61,261.93
55,Tree - jenis belum teridentifikasi,189,375,259,391,280,17,22,381.86,270.36
56,Tree - jenis belum teridentifikasi,318,770,269,803,314,34,46,787.66,293.95
57,Tree - jenis belum teridentifikasi,336,800,313,825,343,26,31,812.29,328.99
58,Tree - jenis belum teridentifikasi,604,2006,286,2020,360,15,75,2014.54,325.9
59,Tree - jenis belum teridentifikasi,448,1214,318,1239,352,26,35,1226.99,335.14
60,Tree - jenis belum teridentifikasi,182,652,338,681,357,30,20,666.71,348.4
61,Tree - jenis belum teridentifikasi,230,1865,340,1894,352,30,13,1881.74,345.3
62,Tree - jenis belum teridentifikasi,362,251,339,275,369,25,31,262.06,353.69
63,Tree - jenis belum teridentifikasi,159,2007,364,2019,381,13,18,2013.11,372.01
64,Tree - jenis belum teridentifikasi,118,276,369,292,385,17,17,282.58,376.69
65,Tree - jenis belum teridentifikasi,400,1999,382,2019,419,21,38,2008.21,400.23
66,Tree - jenis belum teridentifikasi,268,1687,393,1720,404,34,12,1701.46,398.47
67,Tree - jenis belum teridentifikasi,515,1716,393,1774,421,59,29,1748.99,405.29
68,Tree - jenis belum teridentifikasi,187,253,386,279,412,27,27,267.42,400.21
69,Tree - jenis belum teridentifikasi,106,1177,403,1187,418,11,16,1181.41,409.06
70,Tree - jenis belum teridentifikasi,261,340,389,361,420,22,32,351.76,404.5
71,Tree - jenis belum teridentifikasi,256,299,409,316,430,18,22,306.73,419.57
72,Tree - jenis belum teridentifikasi,114,1619,425,1629,446,11,22,1623.75,434.96
73,Tree - jenis belum teridentifikasi,134,1033,453,1046,468,14,16,1040.88,460.91
74,Tree - jenis belum teridentifikasi,813,676,413,759,478,84,66,715.12,451.55
75,Tree - jenis belum teridentifikasi,141,1629,458,1639,483,11,26,1633.73,470.33
76,Tree - jenis belum teridentifikasi,509,1837,452,1878,492,42,41,1859.38,472.26
77,Tree - jenis belum teridentifikasi,179,1911,485,1936,500,26,16,1920.75,493.42
78,Tree - jenis belum teridentifikasi,131,774,488,790,503,17,16,782.46,495.85
79,Tree - jenis belum teridentifikasi,381,1956,491,1998,506,43,16,1978.66,498.26
80,Tree - jenis belum teridentifikasi,125,1673,492,1683,510,11,19,1678.79,501.72
81,Tree - jenis belum teridentifikasi,128,1807,515,1815,534,9,20,1810.91,523.74
82,Tree - jenis belum teridentifikasi,211,1921,522,1943,545,23,24,1931.56,532.04
83,Tree - jenis belum teridentifikasi,499,2000,501,2017,562,18,62,2009.92,530.76
84,Tree - jenis belum teridentifikasi,155,1183,548,1196,568,14,21,1190.25,557.57
85,Tree - jenis belum teridentifikasi,138,1941,556,1960,572,20,17,1950.42,564.68
86,Tree - jenis belum teridentifikasi,105,1841,558,1870,564,30,7,1854.95,561.08
87,Tree - jenis belum teridentifikasi,151,2006,562,2014,592,9,31,2010.55,575.63
88,Tree - jenis belum teridentifikasi,314,1294,569,1313,596,20,28,1304.45,583.52
89,Tree - jenis belum teridentifikasi,86,1622,576,1630,590,9,15,1626.59,582.28
90,Tree - jenis belum teridentifikasi,180,1734,580,1758,593,25,14,1747.57,586.6
91,Tree - jenis belum teridentifikasi,663,915,556,948,615,34,60,928.84,582.9
92,Tree - jenis belum teridentifikasi,201,227,579,247,604,21,26,236.67,590.59
93,Tree - jenis belum teridentifikasi,108,1416,585,1432,601,17,17,1425.11,593.67
94,Tree - jenis belum teridentifikasi,121,283,589,295,610,13,22,287.88,599.43
95,Tree - jenis belum teridentifikasi,873,1257,571,1296,615,40,45,1279.94,596.95
96,Tree - jenis belum teridentifikasi,123,1619,590,1631,612,13,23,1625.23,601.09
97,Tree - jenis belum teridentifikasi,130,2002,594,2012,611,11,18,2006.88,603.62
98,Tree - jenis belum teridentifikasi,263,1173,571,1188,610,16,40,1180.7,592.03
99,Tree - jenis belum teridentifikasi,629,1217,600,1257,642,41,43,1240.62,621.53
100,Tree - jenis belum teridentifikasi,193,1168,611,1179,637,12,27,1173.69,623.9
101,Tree - jenis belum teridentifikasi,444,1280,622,1315,648,36,27,1300.26,633.04
102,Tree - jenis belum teridentifikasi,419,516,627,543,666,28,40,530.99,642.8
103,Tree - jenis belum teridentifikasi,107,1617,636,1626,655,10,20,1621.99,645.3
104,Tree - jenis belum teridentifikasi,1256,1308,585,1348,691,41,107,1326.79,640.85
105,Tree - jenis belum teridentifikasi,102,1164,638,1172,653,9,16,1168.25,645.37
106,Tree - jenis belum teridentifikasi,104,980,652,991,665,12,14,985.12,658.69
107,Tree - jenis belum teridentifikasi,232,487,656,509,674,23,19,496.81,664.38
108,Tree - jenis belum teridentifikasi,108,1939,661,1960,674,22,14,1951.78,667.16
109,Tree - jenis belum teridentifikasi,126,1604,661,1622,680,19,20,1612.58,672.38
110,Tree - jenis belum teridentifikasi,205,1155,653,1167,683,13,31,1161.99,668.61
111,Tree - jenis belum teridentifikasi,1056,832,636,888,692,57,57,862.28,667.04
112,Tree - jenis belum teridentifikasi,137,1999,642,2005,692,7,51,2002.15,670.2
113,Tree - jenis belum teridentifikasi,102,248,690,260,703,13,14,253.22,696.19
114,Tree - jenis belum teridentifikasi,240,1144,692,1155,728,12,37,1150.8,709.72
115,Tree - jenis belum teridentifikasi,210,1606,687,1625,709,20,23,1616.03,698.4
116,Tree - jenis belum teridentifikasi,137,1345,690,1354,713,10,24,1348.72,702.43
117,Tree - jenis belum teridentifikasi,3523,1244,666,1328,745,85,80,1287.23,705.39
118,Tree - jenis belum teridentifikasi,127,1894,701,1903,718,10,18,1898.58,710.32
119,Tree - jenis belum teridentifikasi,105,806,720,816,735,11,16,811.1,727.71
120,Tree - jenis belum teridentifikasi,203,1997,719,2008,747,12,29,2002.12,732.05
121,Tree - jenis belum teridentifikasi,248,1370,711,1396,749,27,39,1384.23,730.38
122,Tree - jenis belum teridentifikasi,111,1904,735,1930,739,27,5,1917.35,737.05
123,Tree - jenis belum teridentifikasi,209,1134,734,1148,767,15,34,1140.95,749.12
124,Tree - jenis belum teridentifikasi,157,1652,738,1679,751,28,14,1667.04,744.31
125,Tree - jenis belum teridentifikasi,252,1185,737,1201,765,17,29,1193.91,752.75
126,Tree - jenis belum teridentifikasi,201,1993,747,2001,776,9,30,1997.36,762.99
127,Tree - jenis belum teridentifikasi,104,937,767,948,778,12,12,942.07,772.06
128,Tree - jenis belum teridentifikasi,114,984,766,1006,776,23,11,996.01,771.55
129,Tree - jenis belum teridentifikasi,234,1308,757,1327,790,20,34,1317.57,773.24
130,Tree - jenis belum teridentifikasi,141,561,776,582,803,22,28,571.01,788.45
131,Tree - jenis belum teridentifikasi,100,845,785,855,801,11,17,850.34,791.92
132,Tree - jenis belum teridentifikasi,154,1977,782,1987,807,11,26,1982.01,792.78
133,Tree - jenis belum teridentifikasi,184,1876,783,1884,813,9,31,1880.11,798.71
134,Tree - jenis belum teridentifikasi,281,660,801,684,834,25,34,672.51,817.73
135,Tree - jenis belum teridentifikasi,112,1990,811,2003,826,14,16,1995.66,820.33
136,Tree - jenis belum teridentifikasi,118,1876,814,1890,827,15,14,1881.57,821.25
137,Tree - jenis belum teridentifikasi,369,1390,805,1424,830,35,26,1406.21,818.19
138,Tree - jenis belum teridentifikasi,286,1165,812,1196,842,32,31,1181.12,828.95
139,Tree - jenis belum teridentifikasi,149,2004,827,2024,841,21,15,2013.83,834.19
140,Tree - jenis belum teridentifikasi,131,870,832,887,858,18,27,879.02,844.81
141,Tree - jenis belum teridentifikasi,1451,1297,824,1390,895,94,72,1345.78,861.15
142,Tree - jenis belum teridentifikasi,195,1645,868,1663,889,19,22,1653.48,878.32
143,Tree - jenis belum teridentifikasi,157,1707,874,1722,895,16,22,1714.11,884.62
144,Tree - jenis belum teridentifikasi,258,570,866,590,895,21,30,579.04,880.59
145,Tree - jenis belum teridentifikasi,126,1747,877,1756,895,10,19,1750.75,885.68
146,Tree - jenis belum teridentifikasi,116,1759,899,1769,914,11,16,1763.9,906.32
147,Tree - jenis belum teridentifikasi,263,551,901,574,921,24,21,563.87,911.07
148,Tree - jenis belum teridentifikasi,144,1293,916,1311,935,19,20,1301.06,924.48
149,Tree - jenis belum teridentifikasi,184,1984,916,1991,954,8,39,1987.8,932.84
150,Tree - jenis belum teridentifikasi,202,531,924,549,952,19,29,538.69,936.59
151,Tree - jenis belum teridentifikasi,106,1851,935,1863,948,13,14,1857.13,941.33
152,Tree - jenis belum teridentifikasi,132,1825,941,1839,955,15,15,1831.46,948.08
153,Tree - jenis belum teridentifikasi,101,1876,951,1886,971,11,21,1881.07,959.09
154,Tree - jenis belum teridentifikasi,146,524,960,539,977,16,18,531.94,966.82
155,Tree - jenis belum teridentifikasi,113,1122,961,1137,970,16,10,1129.81,965.77
156,Tree - jenis belum teridentifikasi,135,1356,960,1370,975,15,16,1361.3,967.65
157,Tree - jenis belum teridentifikasi,122,340,960,350,977,11,18,345.3,968.76
158,Tree - jenis belum teridentifikasi,255,171,965,199,989,29,25,187.12,973.81
159,Tree - jenis belum teridentifikasi,162,1927,967,1949,981,23,15,1939.44,972.99
160,Tree - jenis belum teridentifikasi,186,316,972,337,992,22,21,327.34,980.48
161,Tree - jenis belum teridentifikasi,131,715,981,735,1004,21,24,725.49,992.3
162,Tree - jenis belum teridentifikasi,429,1085,968,1124,1008,40,41,1105.54,987.54
163,Tree - jenis belum teridentifikasi,271,1366,980,1387,1007,22,28,1376.1,995.78
164,Tree - jenis belum teridentifikasi,198,793,974,820,1014,28,41,806.81,993.49
165,Tree - jenis belum teridentifikasi,148,1926,995,1946,1008,21,14,1937.2,1000.68
166,Tree - jenis belum teridentifikasi,100,246,1009,268,1018,23,10,259.07,1013.83
167,Tree - jenis belum teridentifikasi,857,1274,972,1323,1025,50,54,1299.11,1002.0
168,Tree - jenis belum teridentifikasi,253,1645,999,1658,1025,14,27,1651.95,1013.29
169,Tree - jenis belum teridentifikasi,108,1235,1009,1247,1022,13,14,1240.9,1017.07
170,Tree - jenis belum teridentifikasi,250,732,1002,759,1039,28,38,746.91,1019.73
171,Tree - jenis belum teridentifikasi,150,208,1023,236,1034,29,12,221.83,1028.37
172,Tree - jenis belum teridentifikasi,424,1089,1025,1123,1056,35,32,1105.15,1037.96
173,Tree - jenis belum teridentifikasi,886,1273,1015,1324,1066,52,52,1296.0,1038.01
174,Tree - jenis belum teridentifikasi,149,1925,1028,1946,1041,22,14,1937.87,1033.73
175,Tree - jenis belum teridentifikasi,160,760,1039,784,1063,25,25,771.28,1050.14
176,Tree - jenis belum teridentifikasi,284,1976,1029,1988,1062,13,34,1981.65,1048.22
177,Tree - jenis belum teridentifikasi,186,145,1028,174,1053,30,26,160.37,1043.54
178,Tree - jenis belum teridentifikasi,1241,1019,1010,1096,1095,78,86,1054.64,1046.23
179,Tree - jenis belum teridentifikasi,115,1656,1046,1668,1058,13,13,1662.08,1052.13
180,Tree - jenis belum teridentifikasi,493,1236,1035,1272,1078,37,44,1254.83,1055.6
181,Tree - jenis belum teridentifikasi,164,1921,1052,1941,1064,21,13,1931.63,1058.48
182,Tree - jenis belum teridentifikasi,119,1152,1056,1165,1071,14,16,1158.21,1063.95
183,Tree - jenis belum teridentifikasi,257,1870,1053,1895,1079,26,27,1880.29,1066.86
184,Tree - jenis belum teridentifikasi,148,1749,1067,1768,1079,20,13,1757.39,1073.47
185,Tree - jenis belum teridentifikasi,102,1316,1068,1325,1085,10,18,1320.8,1076.21
186,Tree - jenis belum teridentifikasi,165,1709,1074,1726,1087,18,14,1717.43,1080.27
187,Tree - jenis belum teridentifikasi,102,854,1072,865,1093,12,22,859.66,1083.04
188,Tree - jenis belum teridentifikasi,106,1201,1074,1214,1091,14,18,1207.75,1082.99
189,Tree - jenis belum teridentifikasi,119,1374,1076,1383,1093,10,18,1378.5,1084.23
190,Tree - jenis belum teridentifikasi,129,1093,1087,1110,1104,18,18,1101.64,1095.37
191,Tree - jenis belum teridentifikasi,129,1271,1094,1292,1107,22,14,1280.43,1100.62
192,Tree - jenis belum teridentifikasi,196,1877,1093,1887,1117,11,25,1881.56,1105.02
193,Tree - jenis belum teridentifikasi,429,1245,1080,1278,1134,34,55,1258.63,1105.41
194,Tree - jenis belum teridentifikasi,208,1328,1096,1343,1123,16,28,1334.9,1107.64
195,Tree - jenis belum teridentifikasi,181,575,1111,595,1127,21,17,585.36,1120.14
196,Tree - jenis belum teridentifikasi,250,1271,1123,1299,1142,29,20,1286.18,1131.85
197,Tree - jenis belum teridentifikasi,111,1153,1123,1166,1143,14,21,1159.27,1134.59
198,Tree - jenis belum teridentifikasi,103,518,1128,536,1142,19,15,525.63,1135.05
199,Tree - jenis belum teridentifikasi,240,1872,1126,1885,1153,14,28,1878.03,1140.24
200,Tree - jenis belum teridentifikasi,154,1059,1143,1072,1164,14,22,1065.56,1152.21
201,Tree - jenis belum teridentifikasi,107,1368,1146,1385,1156,18,11,1376.27,1151.78
202,Tree - jenis belum teridentifikasi,134,1104,1146,1121,1160,18,15,1111.31,1153.01
203,Tree - jenis belum teridentifikasi,107,1392,1150,1409,1163,18,14,1402.14,1155.91
204,Tree - jenis belum teridentifikasi,105,1346,1157,1365,1170,20,14,1357.39,1162.32
205,Tree - jenis belum teridentifikasi,152,540,1157,564,1170,25,14,553.07,1163.36
206,Tree - jenis belum teridentifikasi,190,1574,1160,1593,1179,20,20,1583.99,1169.77
207,Tree - jenis belum teridentifikasi,103,858,1164,873,1182,16,19,864.97,1172.83
208,Tree - jenis belum teridentifikasi,376,1308,1164,1343,1186,36,23,1323.07,1172.24
209,Tree - jenis belum teridentifikasi,776,1262,1170,1311,1197,50,28,1288.14,1181.48
210,Tree - jenis belum teridentifikasi,233,1083,1159,1100,1192,18,34,1092.88,1176.42
211,Tree - jenis belum teridentifikasi,110,1815,1176,1827,1188,13,13,1820.53,1182.31
212,Tree - jenis belum teridentifikasi,185,1112,1168,1127,1192,16,25,1119.67,1180.91
213,Tree - jenis belum teridentifikasi,123,1488,1189,1504,1201,17,13,1494.94,1194.2
214,Tree - jenis belum teridentifikasi,161,1585,1184,1597,1203,13,20,1590.84,1194.45
215,Tree - jenis belum teridentifikasi,188,1152,1184,1165,1204,14,21,1159.45,1194.61
216,Tree - jenis belum teridentifikasi,233,1704,1200,1727,1221,24,22,1715.59,1209.79
217,Tree - jenis belum teridentifikasi,137,1523,1193,1535,1212,13,20,1528.87,1204.91
218,Tree - jenis belum teridentifikasi,120,1830,1204,1843,1215,14,12,1836.66,1209.22
219,Tree - jenis belum teridentifikasi,274,1404,1216,1432,1255,29,40,1416.55,1233.94
220,Tree - jenis belum teridentifikasi,102,570,1216,582,1239,13,24,574.53,1225.99
221,Tree - jenis belum teridentifikasi,816,1264,1192,1309,1243,46,52,1286.23,1218.2
222,Tree - jenis belum teridentifikasi,370,1559,1209,1591,1243,33,35,1574.6,1230.19
223,Tree - jenis belum teridentifikasi,120,1522,1229,1535,1246,14,18,1529.59,1235.86
224,Tree - jenis belum teridentifikasi,212,1703,1220,1717,1252,15,33,1708.6,1237.85
225,Tree - jenis belum teridentifikasi,98,1602,1241,1612,1264,11,24,1608.59,1252.86
226,Tree - jenis belum teridentifikasi,175,1365,1245,1373,1272,9,28,1368.63,1258.37
227,Tree - jenis belum teridentifikasi,218,578,1252,595,1283,18,32,585.55,1266.32
228,Tree - jenis belum teridentifikasi,123,1574,1259,1594,1274,21,16,1584.64,1265.93
229,Tree - jenis belum teridentifikasi,120,1054,1258,1061,1281,8,24,1057.68,1267.68
230,Tree - jenis belum teridentifikasi,101,1350,1273,1362,1284,13,12,1356.16,1278.66
231,Tree - jenis belum teridentifikasi,221,1408,1268,1426,1292,19,25,1416.02,1280.82
232,Tree - jenis belum teridentifikasi,158,844,1293,859,1311,16,19,850.9,1301.42
233,Tree - jenis belum teridentifikasi,265,512,1300,531,1324,20,25,520.42,1310.96
234,Tree - jenis belum teridentifikasi,176,1309,1304,1324,1321,16,18,1318.14,1312.2
235,Tree - jenis belum teridentifikasi,196,1064,1296,1074,1323,11,28,1069.22,1309.49
236,Tree - jenis belum teridentifikasi,224,1110,1299,1130,1332,21,34,1119.11,1314.99
237,Tree - jenis belum teridentifikasi,222,1739,1302,1753,1336,15,35,1745.49,1319.5
238,Tree - jenis belum teridentifikasi,212,1453,1308,1473,1324,21,17,1463.97,1316.03
239,Tree - jenis belum teridentifikasi,105,552,1316,562,1330,11,15,556.42,1322.58
240,Tree - jenis belum teridentifikasi,352,753,1313,774,1340,22,28,763.7,1325.62
241,Tree - jenis belum teridentifikasi,298,809,1313,831,1343,23,31,821.05,1329.49
242,Tree - jenis belum teridentifikasi,215,520,1326,538,1343,19,18,529.35,1335.31
243,Tree - jenis belum teridentifikasi,256,866,1317,879,1343,14,27,872.7,1331.69
244,Tree - jenis belum teridentifikasi,159,782,1332,802,1343,21,12,790.99,1338.08
245,Tree - jenis belum teridentifikasi,70,1165,1354,1170,1372,6,19,1167.13,1361.47
246,Tree - jenis belum teridentifikasi,184,818,1354,843,1368,26,15,829.95,1360.6
247,Tree - jenis belum teridentifikasi,75,564,1357,573,1368,10,12,569.17,1362.68
248,Tree - jenis belum teridentifikasi,144,1848,1357,1855,1377,8,21,1851.86,1366.84
249,Tree - jenis belum teridentifikasi,101,1607,1348,1612,1372,6,25,1609.35,1360.41
250,Tree - jenis belum teridentifikasi,102,1126,1357,1138,1372,13,16,1132.25,1363.6
251,Tree - jenis belum teridentifikasi,462,1460,1353,1474,1414,15,62,1465.3,1378.38
252,Tree - jenis belum teridentifikasi,545,1754,1359,1790,1382,37,24,1771.23,1368.4
253,Tree - jenis belum teridentifikasi,553,1722,1348,1742,1394,21,47,1731.37,1371.85
254,Tree - jenis belum teridentifikasi,127,768,1362,781,1378,14,17,774.41,1370.72
255,Tree - jenis belum teridentifikasi,183,1091,1372,1107,1398,17,27,1098.85,1383.92
256,Tree - jenis belum teridentifikasi,100,1580,1380,1598,1386,19,7,1589.21,1383.0
257,Tree - jenis belum teridentifikasi,116,306,1372,324,1388,19,17,315.26,1380.98
258,Tree - jenis belum teridentifikasi,209,479,1378,491,1400,13,23,485.0,1389.55
259,Tree - jenis belum teridentifikasi,104,834,1381,845,1392,12,12,840.01,1387.19
260,Tree - jenis belum teridentifikasi,239,540,1364,564,1394,25,31,550.78,1379.38
261,Tree - jenis belum teridentifikasi,909,1921,1361,1945,1477,25,117,1936.81,1417.71
262,Tree - jenis belum teridentifikasi,91,1904,1387,1920,1395,17,9,1911.8,1389.93
263,Tree - jenis belum teridentifikasi,378,1598,1384,1653,1398,56,15,1626.57,1389.31
264,Tree - jenis belum teridentifikasi,127,1193,1387,1212,1399,20,13,1201.5,1393.48
265,Tree - jenis belum teridentifikasi,619,1240,1370,1261,1414,22,45,1250.83,1391.35
266,Tree - jenis belum teridentifikasi,221,1404,1352,1411,1406,8,55,1406.9,1381.8
267,Tree - jenis belum teridentifikasi,525,1651,1390,1707,1407,57,18,1679.91,1399.42
268,Tree - jenis belum teridentifikasi,389,1165,1373,1180,1426,16,54,1172.93,1398.89
269,Tree - jenis belum teridentifikasi,102,1478,1402,1490,1414,13,13,1483.41,1408.56
270,Tree - jenis belum teridentifikasi,626,1950,1358,1962,1427,13,70,1955.8,1394.69
271,Tree - jenis belum teridentifikasi,306,403,1408,435,1428,33,21,418.92,1414.28
272,Tree - jenis belum teridentifikasi,637,701,1408,748,1449,48,42,720.65,1422.6
273,Tree - jenis belum teridentifikasi,499,364,1408,400,1437,37,30,383.88,1421.06
274,Tree - jenis belum teridentifikasi,179,1364,1408,1376,1424,13,17,1370.08,1415.81
275,Tree - jenis belum teridentifikasi,787,1707,1393,1748,1449,42,57,1724.15,1416.69
276,Tree - jenis belum teridentifikasi,836,741,1408,783,1452,43,45,761.61,1429.58
277,Tree - jenis belum teridentifikasi,138,345,1417,361,1439,17,23,352.3,1427.09
278,Tree - jenis belum teridentifikasi,246,1545,1418,1563,1443,19,26,1554.33,1429.19
279,Tree - jenis belum teridentifikasi,125,120,1417,134,1437,15,21,128.04,1429.16
280,Tree - jenis belum teridentifikasi,215,1427,1418,1455,1433,29,16,1440.5,1425.03
281,Tree - jenis belum teridentifikasi,143,1517,1417,1531,1436,15,20,1524.79,1427.13
282,Tree - jenis belum teridentifikasi,209,788,1408,803,1435,16,28,795.53,1422.36
283,Tree - jenis belum teridentifikasi,343,1874,1424,1926,1437,53,14,1894.95,1429.51
284,Tree - jenis belum teridentifikasi,174,877,1427,890,1449,14,23,883.83,1437.76
285,Tree - jenis belum teridentifikasi,227,1484,1416,1497,1458,14,43,1489.93,1433.48
286,Tree - jenis belum teridentifikasi,121,1176,1426,1182,1461,7,36,1178.68,1440.18
287,Tree - jenis belum teridentifikasi,118,1813,1432,1836,1439,24,8,1825.69,1435.3
288,Tree - jenis belum teridentifikasi,934,1627,1407,1676,1449,50,43,1658.16,1427.07
289,Tree - jenis belum teridentifikasi,181,1947,1427,1959,1447,13,21,1953.39,1436.25
290,Tree - jenis belum teridentifikasi,272,1074,1432,1111,1449,38,18,1089.4,1439.08
291,Tree - jenis belum teridentifikasi,214,1209,1432,1221,1459,13,28,1213.59,1445.26
292,Tree - jenis belum teridentifikasi,323,354,1440,385,1470,32,31,369.12,1453.77
293,Tree - jenis belum teridentifikasi,103,1329,1436,1340,1449,12,14,1333.48,1443.64
294,Tree - jenis belum teridentifikasi,115,1402,1441,1413,1452,12,12,1407.58,1446.72
295,Tree - jenis belum teridentifikasi,104,214,1437,223,1453,10,17,219.63,1445.38
296,Tree - jenis belum teridentifikasi,108,394,1446,410,1457,17,12,401.21,1450.87
297,Tree - jenis belum teridentifikasi,158,682,1435,698,1455,17,21,691.39,1446.68
298,Tree - jenis belum teridentifikasi,167,11,1449,35,1469,25,21,23.51,1459.05
299,Tree - jenis belum teridentifikasi,500,591,1439,624,1474,34,36,605.35,1460.26
300,Tree - jenis belum teridentifikasi,1003,1760,1439,1795,1494,36,56,1776.35,1465.35
301,Tree - jenis belum teridentifikasi,573,643,1451,677,1484,35,34,661.51,1465.47
302,Tree - jenis belum teridentifikasi,256,1885,1458,1908,1474,24,17,1896.13,1467.41
303,Tree - jenis belum teridentifikasi,109,1179,1466,1186,1488,8,23,1182.5,1474.65
304,Tree - jenis belum teridentifikasi,365,763,1463,784,1491,22,29,773.11,1476.94
305,Tree - jenis belum teridentifikasi,129,417,1470,430,1481,14,12,423.36,1475.94
306,Tree - jenis belum teridentifikasi,555,1423,1468,1484,1490,62,23,1462.03,1478.19
307,Tree - jenis belum teridentifikasi,121,1826,1475,1849,1484,24,10,1837.04,1480.38
308,Tree - jenis belum teridentifikasi,105,19,1477,37,1489,19,13,26.63,1483.53
309,Tree - jenis belum teridentifikasi,218,322,1479,335,1513,14,35,327.64,1495.41
310,Tree - jenis belum teridentifikasi,115,93,1483,104,1498,12,16,98.2,1490.34
311,Tree - jenis belum teridentifikasi,117,192,1479,204,1494,13,16,197.15,1487.95
312,Tree - jenis belum teridentifikasi,132,35,1487,54,1499,20,13,46.64,1491.8
313,Tree - jenis belum teridentifikasi,277,584,1476,602,1500,19,25,593.11,1490.01
314,Tree - jenis belum teridentifikasi,348,1919,1480,1939,1507,21,28,1930.77,1495.14
315,Tree - jenis belum teridentifikasi,185,1144,1484,1166,1521,23,38,1156.61,1499.38
316,Tree - jenis belum teridentifikasi,3554,643,1474,758,1535,116,62,693.2,1506.31
317,Tree - jenis belum teridentifikasi,154,858,1492,868,1508,11,17,863.01,1500.53
318,Tree - jenis belum teridentifikasi,401,753,1493,787,1515,35,23,771.2,1504.1
319,Tree - jenis belum teridentifikasi,104,1285,1499,1296,1510,12,12,1290.84,1504.24
320,Tree - jenis belum teridentifikasi,168,344,1495,362,1512,19,18,351.86,1505.38
321,Tree - jenis belum teridentifikasi,297,1182,1479,1196,1518,15,40,1188.81,1500.23
322,Tree - jenis belum teridentifikasi,947,1408,1491,1446,1535,39,45,1427.06,1512.52
323,Tree - jenis belum teridentifikasi,119,167,1514,187,1526,21,13,178.28,1520.51
324,Tree - jenis belum teridentifikasi,113,1233,1516,1250,1528,18,13,1241.35,1521.05
325,Tree - jenis belum teridentifikasi,259,1941,1512,1955,1535,15,24,1947.49,1524.48
326,Tree - jenis belum teridentifikasi,446,745,1514,783,1535,39,22,768.37,1526.38
327,Tree - jenis belum teridentifikasi,452,188,1510,227,1535,40,26,206.54,1525.66
328,Tree - jenis belum teridentifikasi,395,1528,1518,1576,1535,49,18,1553.99,1527.94
329,Tree - jenis belum teridentifikasi,143,1242,1540,1252,1558,11,19,1247.36,1548.64
330,Tree - jenis belum teridentifikasi,437,666,1540,699,1560,34,21,684.69,1549.49
331,Tree - jenis belum teridentifikasi,472,697,1543,726,1576,30,34,708.66,1555.64
332,Tree - jenis belum teridentifikasi,136,1454,1546,1465,1567,12,22,1459.43,1555.98
333,Tree - jenis belum teridentifikasi,396,198,1542,226,1565,29,24,211.29,1551.36
334,Tree - jenis belum teridentifikasi,176,1199,1548,1214,1567,16,20,1205.13,1557.33
335,Tree - jenis belum teridentifikasi,72,1268,1553,1283,1559,16,7,1275.61,1555.85
336,Tree - jenis belum teridentifikasi,385,1283,1552,1343,1560,61,9,1316.1,1555.68
337,Tree - jenis belum teridentifikasi,514,233,1552,274,1593,42,42,254.27,1570.24
338,Tree - jenis belum teridentifikasi,203,1362,1563,1391,1574,30,12,1375.3,1567.07
339,Tree - jenis belum teridentifikasi,125,64,1564,74,1586,11,23,69.24,1575.25
340,Tree - jenis belum teridentifikasi,129,1500,1562,1510,1580,11,19,1505.49,1572.01
341,Tree - jenis belum teridentifikasi,374,158,1563,187,1590,30,28,172.84,1576.58
342,Tree - jenis belum teridentifikasi,311,675,1568,695,1600,21,33,686.67,1583.8
343,Tree - jenis belum teridentifikasi,142,1549,1572,1560,1594,12,23,1554.58,1583.9
344,Tree - jenis belum teridentifikasi,126,1839,1590,1851,1603,13,14,1844.79,1596.45
345,Tree - jenis belum teridentifikasi,142,1176,1599,1197,1618,22,20,1181.65,1606.92
346,Tree - jenis belum teridentifikasi,593,104,1593,133,1627,30,35,117.95,1608.75
347,Tree - jenis belum teridentifikasi,138,758,1598,776,1609,19,12,765.75,1603.66
348,Tree - jenis belum teridentifikasi,400,77,1600,107,1637,31,38,91.56,1618.65
349,Tree - jenis belum teridentifikasi,366,1487,1582,1505,1631,19,50,1495.92,1602.9
350,Tree - jenis belum teridentifikasi,383,1004,1604,1026,1644,23,41,1015.98,1625.42
351,Tree - jenis belum teridentifikasi,187,1444,1598,1456,1627,13,30,1450.99,1613.9
352,Tree - jenis belum teridentifikasi,216,1525,1613,1535,1636,11,24,1530.57,1624.73
353,Tree - jenis belum teridentifikasi,166,782,1610,799,1627,18,18,792.23,1620.41
354,Tree - jenis belum teridentifikasi,172,1652,1618,1668,1631,17,14,1658.58,1624.19
355,Tree - jenis belum teridentifikasi,437,1706,1597,1727,1645,22,49,1716.86,1621.0
356,Tree - jenis belum teridentifikasi,347,815,1600,839,1651,25,52,826.76,1624.53
357,Tree - jenis belum teridentifikasi,131,1117,1622,1133,1637,17,16,1124.6,1629.92
358,Tree - jenis belum teridentifikasi,113,632,1620,642,1636,11,17,636.96,1628.23
359,Tree - jenis belum teridentifikasi,252,166,1629,179,1663,14,35,173.36,1645.5
360,Tree - jenis belum teridentifikasi,104,1148,1644,1165,1653,18,10,1157.77,1647.41
361,Tree - jenis belum teridentifikasi,343,1458,1640,1482,1669,25,30,1471.07,1655.27
362,Tree - jenis belum teridentifikasi,192,1092,1634,1117,1662,26,29,1103.99,1647.14
363,Tree - jenis belum teridentifikasi,645,1266,1604,1287,1667,22,64,1276.19,1634.09
364,Tree - jenis belum teridentifikasi,252,1069,1640,1079,1671,11,32,1074.31,1656.85
365,Tree - jenis belum teridentifikasi,361,645,1633,663,1671,19,39,654.9,1651.15
366,Tree - jenis belum teridentifikasi,378,989,1644,1011,1680,23,37,1000.08,1661.54
367,Tree - jenis belum teridentifikasi,190,1301,1648,1324,1667,24,20,1312.91,1657.52
368,Tree - jenis belum teridentifikasi,135,1588,1660,1607,1682,20,23,1598.28,1670.24
369,Tree - jenis belum teridentifikasi,180,484,1662,508,1679,25,18,496.54,1669.61
370,Tree - jenis belum teridentifikasi,208,24,1663,42,1689,19,27,35.35,1675.83
371,Tree - jenis belum teridentifikasi,3840,1656,1625,1744,1729,89,105,1696.78,1678.28
372,Tree - jenis belum teridentifikasi,266,508,1672,545,1690,38,19,525.3,1681.23
373,Tree - jenis belum teridentifikasi,578,1433,1656,1471,1701,39,46,1446.8,1680.22
374,Tree - jenis belum teridentifikasi,146,545,1685,567,1698,23,14,555.56,1690.71
375,Tree - jenis belum teridentifikasi,278,977,1679,995,1707,19,29,985.83,1692.72
376,Tree - jenis belum teridentifikasi,610,1743,1678,1772,1724,30,47,1757.47,1695.67
377,Tree - jenis belum teridentifikasi,212,288,1677,303,1707,16,31,294.96,1691.65
378,Tree - jenis belum teridentifikasi,103,1346,1691,1357,1706,12,16,1351.88,1698.18
379,Tree - jenis belum teridentifikasi,325,1408,1677,1431,1712,24,36,1417.92,1691.38
380,Tree - jenis belum teridentifikasi,227,315,1692,330,1719,16,28,322.74,1705.84
381,Tree - jenis belum teridentifikasi,255,567,1692,602,1710,36,19,582.58,1702.0
382,Tree - jenis belum teridentifikasi,1571,1611,1681,1681,1740,71,60,1651.74,1710.27
383,Tree - jenis belum teridentifikasi,114,1785,1707,1796,1723,12,17,1790.97,1714.16
384,Tree - jenis belum teridentifikasi,252,484,1697,497,1732,14,36,490.85,1715.27
385,Tree - jenis belum teridentifikasi,220,304,1720,322,1742,19,23,312.15,1728.86
386,Tree - jenis belum teridentifikasi,397,960,1707,983,1747,24,41,970.81,1726.55
387,Tree - jenis belum teridentifikasi,148,1808,1725,1826,1741,19,17,1816.19,1732.51
388,Tree - jenis belum teridentifikasi,197,260,1720,272,1746,13,27,265.73,1734.09
389,Tree - jenis belum teridentifikasi,137,1248,1728,1261,1742,14,15,1254.72,1734.93
390,Tree - jenis belum teridentifikasi,1908,394,1696,453,1751,60,56,425.03,1727.78
391,Tree - jenis belum teridentifikasi,546,1042,1675,1074,1748,33,74,1059.23,1713.77
392,Tree - jenis belum teridentifikasi,152,1451,1728,1469,1744,19,17,1460.92,1735.18
393,Tree - jenis belum teridentifikasi,424,591,1706,614,1763,24,58,602.68,1735.69
394,Tree - jenis belum teridentifikasi,763,1589,1725,1627,1756,39,32,1608.12,1742.49
395,Tree - jenis belum teridentifikasi,196,768,1725,786,1768,19,44,777.18,1745.13
396,Tree - jenis belum teridentifikasi,524,727,1737,759,1772,33,36,742.17,1752.83
397,Tree - jenis belum teridentifikasi,1485,1669,1724,1727,1771,59,48,1696.27,1748.41
398,Tree - jenis belum teridentifikasi,142,288,1739,305,1752,18,14,296.77,1746.63
399,Tree - jenis belum teridentifikasi,194,1260,1753,1279,1773,20,21,1269.82,1760.85
400,Tree - jenis belum teridentifikasi,269,958,1756,987,1770,30,15,972.47,1762.25
401,Tree - jenis belum teridentifikasi,278,1201,1737,1232,1769,32,33,1216.43,1755.34
402,Tree - jenis belum teridentifikasi,342,254,1752,287,1774,34,23,266.09,1762.49
403,Tree - jenis belum teridentifikasi,368,654,1748,697,1782,44,35,674.7,1766.13
404,Tree - jenis belum teridentifikasi,2682,387,1740,463,1812,77,73,433.45,1773.81
405,Tree - jenis belum teridentifikasi,291,696,1768,708,1804,13,37,701.87,1784.2
406,Tree - jenis belum teridentifikasi,2478,1552,1749,1628,1824,77,76,1582.82,1783.79
407,Tree - jenis belum teridentifikasi,175,1480,1782,1501,1809,22,28,1491.06,1794.66
408,Tree - jenis belum teridentifikasi,217,1856,1772,1879,1805,24,34,1867.92,1789.02
409,Tree - jenis belum teridentifikasi,214,1269,1772,1281,1805,13,34,1276.21,1786.92
410,Tree - jenis belum teridentifikasi,1728,1641,1762,1703,1824,63,63,1666.1,1788.42
411,Tree - jenis belum teridentifikasi,939,639,1779,692,1811,54,33,660.52,1794.15
412,Tree - jenis belum teridentifikasi,1452,389,1795,456,1828,68,34,425.57,1809.75
413,Tree - jenis belum teridentifikasi,185,746,1780,763,1815,18,36,754.11,1799.04
414,Tree - jenis belum teridentifikasi,408,790,1801,819,1834,30,34,805.85,1816.66
415,Tree - jenis belum teridentifikasi,203,669,1807,690,1822,22,16,677.62,1814.31
416,Tree - jenis belum teridentifikasi,141,696,1808,710,1823,15,16,702.08,1815.95
417,Tree - jenis belum teridentifikasi,136,1229,1803,1241,1822,13,20,1235.28,1814.38
418,Tree - jenis belum teridentifikasi,245,1386,1807,1403,1837,18,31,1396.61,1822.48
419,Tree - jenis belum teridentifikasi,1723,1594,1794,1655,1846,62,53,1623.86,1820.07
420,Tree - jenis belum teridentifikasi,114,1825,1826,1840,1841,16,16,1833.25,1833.79
421,Tree - jenis belum teridentifikasi,920,361,1820,447,1852,87,33,396.26,1837.91
422,Tree - jenis belum teridentifikasi,305,1151,1830,1180,1851,30,22,1165.79,1840.39
423,Tree - jenis belum teridentifikasi,107,1332,1829,1343,1842,12,14,1336.92,1835.27
424,Tree - jenis belum teridentifikasi,209,1438,1828,1466,1853,29,26,1452.23,1840.49
425,Tree - jenis belum teridentifikasi,1592,1492,1797,1547,1853,56,57,1523.02,1834.62
426,Tree - jenis belum teridentifikasi,734,486,1816,569,1867,84,52,534.54,1836.93
427,Tree - jenis belum teridentifikasi,206,1418,1832,1434,1848,17,17,1426.7,1840.61
428,Tree - jenis belum teridentifikasi,138,1381,1838,1396,1851,16,14,1388.46,1844.18
429,Tree - jenis belum teridentifikasi,613,569,1824,595,1880,27,57,581.41,1853.2
430,Tree - jenis belum teridentifikasi,229,796,1832,814,1858,19,27,804.41,1844.83
431,Tree - jenis belum teridentifikasi,186,769,1853,786,1870,18,18,776.11,1859.96
432,Tree - jenis belum teridentifikasi,394,404,1856,451,1871,48,16,429.55,1861.19
433,Tree - jenis belum teridentifikasi,160,653,1856,667,1869,15,14,659.74,1861.81
434,Tree - jenis belum teridentifikasi,238,1262,1856,1284,1886,23,31,1272.88,1869.88
435,Tree - jenis belum teridentifikasi,291,1554,1856,1577,1876,24,21,1563.85,1863.41
436,Tree - jenis belum teridentifikasi,111,1010,1860,1025,1876,16,17,1016.95,1868.38
437,Tree - jenis belum teridentifikasi,124,183,1859,195,1872,13,14,189.45,1864.77
438,Tree - jenis belum teridentifikasi,260,450,1844,469,1876,20,33,459.86,1859.73
439,Tree - jenis belum teridentifikasi,119,1607,1858,1622,1876,16,19,1615.03,1868.03
440,Tree - jenis belum teridentifikasi,153,347,1865,366,1877,20,13,357.37,1870.08
441,Tree - jenis belum teridentifikasi,144,317,1856,331,1877,15,22,324.05,1866.38
442,Tree - jenis belum teridentifikasi,112,1096,1867,1113,1879,18,13,1103.95,1873.76
443,Tree - jenis belum teridentifikasi,3691,1457,1856,1581,1927,125,72,1515.41,1881.6
444,Tree - jenis belum teridentifikasi,219,1754,1874,1795,1914,42,41,1774.68,1894.89
445,Tree - jenis belum teridentifikasi,178,687,1893,704,1911,18,19,696.19,1903.0
446,Tree - jenis belum teridentifikasi,108,1618,1894,1634,1907,17,14,1626.27,1900.28
447,Tree - jenis belum teridentifikasi,1912,1438,1888,1513,1936,76,49,1471.2,1911.96
448,Tree - jenis belum teridentifikasi,116,1116,1921,1132,1933,17,13,1125.64,1926.03
449,Tree - jenis belum teridentifikasi,255,1210,1921,1232,1945,23,25,1220.81,1932.17
450,Tree - jenis belum teridentifikasi,111,1288,1922,1299,1942,12,21,1293.05,1932.34
451,Tree - jenis belum teridentifikasi,496,521,1912,542,1967,22,56,531.46,1940.56
452,Tree - jenis belum teridentifikasi,174,715,1937,731,1952,17,16,723.58,1944.93
453,Tree - jenis belum teridentifikasi,237,312,1940,328,1963,17,24,318.98,1950.62
454,Tree - jenis belum teridentifikasi,807,1537,1940,1577,1973,41,34,1551.97,1954.23
455,Tree - jenis belum teridentifikasi,215,1656,1943,1673,1960,18,18,1665.33,1951.7
456,Tree - jenis belum teridentifikasi,570,1987,1916,2047,1979,61,64,2016.5,1948.91
457,Tree - jenis belum teridentifikasi,280,77,1955,96,1984,20,30,88.12,1968.73
458,Tree - jenis belum teridentifikasi,313,1460,1949,1485,1981,26,33,1473.97,1965.34
459,Tree - jenis belum teridentifikasi,157,919,1962,930,1984,12,23,924.4,1972.68
460,Tree - jenis belum teridentifikasi,296,109,1963,146,1997,38,35,127.31,1979.95
461,Tree - jenis belum teridentifikasi,97,458,1971,472,1988,15,18,465.84,1980.35
462,Tree - jenis belum teridentifikasi,190,1493,1971,1518,1983,26,13,1505.45,1977.9
463,Tree - jenis belum teridentifikasi,218,1964,1977,1988,2005,25,29,1976.35,1992.43
464,Tree - jenis belum teridentifikasi,120,661,1987,672,2012,12,26,667.92,1997.29
465,Tree - jenis belum teridentifikasi,4632,1373,1941,1497,2039,125,99,1426.57,1991.0
466,Tree - jenis belum teridentifikasi,303,197,1991,227,2018,31,28,213.6,2002.45
467,Tree - jenis belum teridentifikasi,217,1276,1988,1291,2012,16,25,1282.88,1999.51
468,Tree - jenis belum teridentifikasi,481,890,1997,922,2047,33,51,909.26,2024.02
469,Tree - jenis belum teridentifikasi,401,1924,2003,1961,2044,38,42,1943.93,2023.94
470,Tree - jenis belum teridentifikasi,487,1707,2014,1732,2047,26,34,1719.0,2028.29
471,Tree - jenis belum teridentifikasi,212,173,2019,207,2044,35,26,188.3,2031.6
472,Tree - jenis belum teridentifikasi,279,1624,2006,1662,2047,39,42,1643.35,2027.22
473,Tree - jenis belum teridentifikasi,162,986,2023,1002,2037,17,15,993.02,2030.36
474,Tree - jenis belum teridentifikasi,117,1016,2023,1031,2032,16,10,1023.25,2027.86
475,Tree - jenis belum teridentifikasi,2006,1325,1996,1413,2045,89,50,1374.02,2025.94
